{"cameraMode":{"drawMode":0,"name":"Shaded","section":"Shading Mode"},"sceneLighting":false,"audioPlay":false,"sceneViewState":{"m_AlwaysRefresh":false,"showFog":true,"showSkybox":false,"showFlares":true,"showImageEffects":true,"showParticleSystems":true,"showVisualEffectGraphs":true,"m_FxEnabled":true},"in2DMode":false,"pivot":{"x":6.452000617980957,"y":1.4643425941467286,"z":-1.2607500553131104},"rotation":{"x":0.28260335326194765,"y":-0.3185954689979553,"z":0.10012621432542801,"w":0.8992263078689575},"size":1.0323610305786133,"orthographic":false}