{"cameraMode":{"drawMode":0,"name":"Shaded","section":"Shading Mode"},"sceneLighting":false,"audioPlay":false,"sceneViewState":{"m_AlwaysRefresh":false,"showFog":true,"showSkybox":false,"showFlares":true,"showImageEffects":true,"showParticleSystems":true,"showVisualEffectGraphs":true,"m_FxEnabled":true},"in2DMode":false,"pivot":{"x":-3.5699996948242189,"y":3.2900002002716066,"z":8.710000038146973},"rotation":{"x":0.2646945118904114,"y":-0.48194804787635805,"z":0.15544477105140687,"w":0.8206708431243897},"size":14.757074356079102,"orthographic":false}